[
  {
    "timestamp": "2025-11-05 14:24",
    "phone": "+17403196871",
    "display": "+1 (740) 319-6871",
    "carrier": "AT&T Mobility LLC",
    "type": "mobile",
    "location": "Zanesville, United States of America",
    "name": "Not available"
  },
  {
    "timestamp": "2025-11-05 14:28",
    "phone": "+17403196871",
    "display": "+1 (740) 319-6871",
    "name": "LLC",
    "carrier": "AT&T Mobility LLC",
    "type": "mobile",
    "location": "Zanesville, United States of America"
  },
  {
    "timestamp": "2025-11-05 14:37",
    "phone": "+17403196871",
    "display": "+1 (740) 319-6871",
    "name": "LLC",
    "carrier": "AT&T Mobility LLC",
    "type": "mobile",
    "location": "Zanesville, United States of America"
  },
  {
    "timestamp": "2025-11-05 14:39",
    "phone": "+17403196871",
    "display": "+1 (740) 319-6871",
    "name": "LLC",
    "carrier": "AT&T Mobility LLC",
    "type": "mobile",
    "location": "Zanesville, United States of America"
  },
  {
    "timestamp": "2025-11-05 14:47",
    "phone": "+17403223931",
    "display": "+1 (740) 322-3931",
    "name": "Not available",
    "carrier": "",
    "type": "landline",
    "location": "Newark, United States of America"
  },
  {
    "timestamp": "2025-11-05 15:00",
    "phone": "+17403223931",
    "display": "+1 (740) 322-3931",
    "name": "Not available",
    "carrier": "",
    "type": "landline",
    "location": "Newark, United States of America"
  },
  {
    "timestamp": "2025-11-05 15:08",
    "phone": "+16146159875",
    "display": "+1 (614) 615-9875",
    "name": "Not available",
    "carrier": "T-Mobile USA Inc.",
    "type": "mobile",
    "location": "Columbus, United States of America"
  },
  {
    "timestamp": "2025-11-05 15:09",
    "phone": "+17403196871",
    "display": "+1 (740) 319-6871",
    "name": "LLC",
    "carrier": "AT&T Mobility LLC",
    "type": "mobile",
    "location": "Zanesville, United States of America"
  },
  {
    "timestamp": "2025-11-05 15:28",
    "phone": "+17403196871",
    "display": "+1 (740) 319-6871",
    "name": "Not available",
    "carrier": "AT&T Mobility LLC",
    "type": "mobile",
    "location": "Zanesville, United States of America"
  },
  {
    "timestamp": "2025-11-05 15:29",
    "phone": "+17403196871",
    "display": "+1 (740) 319-6871",
    "name": "Not available",
    "carrier": "AT&T Mobility LLC",
    "type": "mobile",
    "location": "Zanesville, United States of America"
  },
  {
    "timestamp": "2025-11-05 15:29",
    "phone": "+17403196871",
    "display": "+1 (740) 319-6871",
    "name": "Not available",
    "carrier": "AT&T Mobility LLC",
    "type": "mobile",
    "location": "Zanesville, United States of America"
  },
  {
    "timestamp": "2025-11-05 15:29",
    "phone": "+17403196871",
    "display": "+1 (740) 319-6871",
    "name": "Not available",
    "carrier": "AT&T Mobility LLC",
    "type": "mobile",
    "location": "Zanesville, United States of America"
  },
  {
    "timestamp": "2025-11-05 15:29",
    "phone": "+17403196871",
    "display": "+1 (740) 319-6871",
    "name": "Not available",
    "carrier": "AT&T Mobility LLC",
    "type": "mobile",
    "location": "Zanesville, United States of America"
  },
  {
    "timestamp": "2025-11-05 15:29",
    "phone": "+17403196871",
    "display": "+1 (740) 319-6871",
    "name": "Not available",
    "carrier": "AT&T Mobility LLC",
    "type": "mobile",
    "location": "Zanesville, United States of America"
  },
  {
    "timestamp": "2025-11-05 15:29",
    "phone": "+17403196871",
    "display": "+1 (740) 319-6871",
    "name": "Not available",
    "carrier": "AT&T Mobility LLC",
    "type": "mobile",
    "location": "Zanesville, United States of America"
  },
  {
    "timestamp": "2025-11-05 15:30",
    "phone": "+17403196871",
    "display": "+1 (740) 319-6871",
    "name": "Not available",
    "carrier": "AT&T Mobility LLC",
    "type": "mobile",
    "location": "Zanesville, United States of America"
  },
  {
    "timestamp": "2025-11-05 15:30",
    "phone": "+17403196871",
    "display": "+1 (740) 319-6871",
    "name": "Not available",
    "carrier": "AT&T Mobility LLC",
    "type": "mobile",
    "location": "Zanesville, United States of America"
  },
  {
    "timestamp": "2025-11-05 16:15",
    "phone": "+17405225841",
    "display": "+1 (740) 522-5841",
    "name": "Not available",
    "carrier": "",
    "type": "landline",
    "location": "Newark, United States of America"
  },
  {
    "timestamp": "2025-11-05 16:37",
    "phone": "+16145998026",
    "display": "+1 (614) 599-8026",
    "name": "USA",
    "carrier": "T-Mobile USA Inc.",
    "type": "mobile",
    "location": "Columbus, United States of America"
  },
  {
    "timestamp": "2025-11-05 16:38",
    "phone": "+16145998026",
    "display": "+1 (614) 599-8026",
    "name": "USA",
    "carrier": "T-Mobile USA Inc.",
    "type": "mobile",
    "location": "Columbus, United States of America"
  },
  {
    "timestamp": "2025-11-05 16:38",
    "phone": "+16146159875",
    "display": "+1 (614) 615-9875",
    "name": "USA",
    "carrier": "T-Mobile USA Inc.",
    "type": "mobile",
    "location": "Columbus, United States of America"
  }
]